iteration,reward_mean,length_mean,games,loss
500,-1.0,2.0,10.0,0.21534082293510437
1000,-0.89,2.11,9.0,0.1540088653564453
1500,-1.0,2.0,9.0,0.11871589720249176
2000,-0.89,2.11,9.0,0.09844768792390823
2500,-1.0,2.0,8.0,0.06754782795906067
3000,-1.0,2.0,8.0,0.1158801019191742
3500,-1.0,2.0,9.0,0.05312292277812958
4000,-1.0,2.0,10.0,0.06357498466968536
4500,-0.88,2.12,8.0,0.051339440047740936
5000,-0.88,2.12,8.0,0.038900453597307205
5500,-0.75,2.25,8.0,0.04331636056303978
6000,-1.0,2.0,8.0,0.04753701761364937
6500,-0.78,2.22,9.0,0.060811545699834824
7000,-1.0,2.0,8.0,0.02295222319662571
7500,0.22,3.22,9.0,0.04443080350756645
8000,-0.5,2.5,8.0,0.059297170490026474
8500,-0.88,2.12,8.0,0.06924044340848923
9000,-0.75,2.25,8.0,0.017417771741747856
9500,-0.75,2.25,8.0,0.0479472279548645
10000,-0.75,2.25,8.0,0.018640996888279915
10500,-0.62,2.38,8.0,0.02315662056207657
11000,-1.0,2.0,8.0,0.07112065702676773
11500,-0.75,2.25,8.0,0.00979281309992075
12000,-1.0,2.0,8.0,0.04660642147064209
12500,-1.0,2.0,8.0,0.008102077059447765
13000,-0.75,2.25,8.0,0.040900036692619324
13500,-0.75,2.25,8.0,0.02621668018400669
14000,-0.88,2.12,8.0,0.04302218556404114
14500,-0.12,2.88,8.0,0.022362427785992622
15000,-0.5,2.5,8.0,0.03739459812641144
15500,-0.62,2.38,8.0,0.006442380603402853
16000,-0.33,2.67,9.0,0.008915288373827934
16500,-0.62,2.38,8.0,0.01512644998729229
17000,-0.38,2.62,8.0,0.024110037833452225
17500,-0.88,2.12,8.0,0.05573740974068642
18000,-0.62,2.38,8.0,0.008691416122019291
18500,-0.62,2.38,8.0,0.03707873076200485
19000,0.38,3.38,8.0,0.009086716920137405
19500,-0.5,2.5,8.0,0.04081493243575096
20000,0.12,3.12,8.0,0.037415605038404465
20500,-0.38,2.62,8.0,0.007079205475747585
21000,-0.56,2.44,9.0,0.041838303208351135
21500,0.75,3.75,8.0,0.05226657912135124
22000,-0.38,2.62,8.0,0.020638199523091316
22500,-0.62,2.38,8.0,0.014164876192808151
23000,-0.62,2.38,8.0,0.009012972936034203
23500,-0.75,2.25,8.0,0.043250687420368195
24000,-0.62,2.38,8.0,0.028853241354227066
24500,-0.62,2.38,8.0,0.01220918633043766
25000,-0.5,2.5,8.0,0.034081507474184036
25500,-1.0,2.0,8.0,0.014482011087238789
26000,-0.25,2.75,8.0,0.022195206955075264
26500,0.12,3.12,8.0,0.04845116287469864
27000,0.25,3.25,8.0,0.012133940123021603
27500,0.0,3.0,8.0,0.017034824937582016
28000,-0.25,2.75,8.0,0.0071791489608585835
28500,-0.25,2.75,8.0,0.02522997558116913
29000,-0.62,2.38,8.0,0.017477311193943024
29500,-0.25,2.75,8.0,0.012114498764276505
30000,-0.88,2.12,8.0,0.019355881959199905
30500,-0.38,2.62,8.0,0.017380161210894585
31000,-0.25,2.75,8.0,0.030574563890695572
31500,-0.75,2.25,8.0,0.03299785777926445
32000,0.5,3.5,8.0,0.027582332491874695
32500,0.25,3.25,8.0,0.026265379041433334
33000,0.38,3.38,8.0,0.030887220054864883
33500,0.38,3.38,8.0,0.03995836526155472
34000,0.0,3.0,10.0,0.04115861654281616
34500,-0.38,2.62,8.0,0.008070362731814384
35000,0.12,3.12,8.0,0.010531656444072723
35500,0.0,3.0,9.0,0.01682354137301445
36000,1.12,4.12,8.0,0.01129864901304245
36500,0.12,3.12,8.0,0.034329336136579514
37000,-0.11,2.89,9.0,0.06998704373836517
37500,0.25,3.25,8.0,0.030070867389440536
38000,-0.12,2.88,8.0,0.00837491825222969
38500,0.5,3.5,8.0,0.013071747496724129
39000,0.25,3.25,8.0,0.013659763149917126
39500,0.38,3.38,8.0,0.01257154531776905
40000,0.25,3.25,8.0,0.013039232231676579
40500,0.38,3.38,8.0,0.03464841470122337
41000,-0.25,2.75,8.0,0.041956204921007156
41500,0.62,3.62,8.0,0.007074941881000996
42000,-0.12,2.88,8.0,0.0318339467048645
42500,-0.25,2.75,8.0,0.036717489361763
43000,0.0,3.0,8.0,0.04210399091243744
43500,0.0,3.0,8.0,0.026292745023965836
44000,0.25,3.25,8.0,0.025310125201940536
44500,-0.62,2.38,8.0,0.01258053071796894
45000,0.5,3.5,8.0,0.02475564554333687
45500,-0.38,2.62,8.0,0.010882038623094559
46000,0.38,3.38,8.0,0.03085419535636902
46500,-0.12,2.88,8.0,0.02838221564888954
47000,-0.12,2.88,8.0,0.027860581874847412
47500,0.5,3.5,8.0,0.016155308112502098
48000,0.5,3.5,8.0,0.04474256560206413
48500,0.0,3.0,8.0,0.03576517105102539
49000,0.0,3.0,8.0,0.010839072056114674
49500,0.25,3.25,8.0,0.03595440089702606
50000,0.5,3.5,8.0,0.028590558096766472
50500,0.75,3.75,8.0,0.01443287543952465
51000,0.62,3.62,8.0,0.028180336579680443
51500,-0.12,2.88,8.0,0.03969157114624977
52000,0.88,3.88,8.0,0.02728887088596821
52500,0.88,3.88,8.0,0.025639809668064117
53000,1.0,4.0,8.0,0.029051033779978752
53500,0.62,3.62,8.0,0.04483533650636673
54000,0.75,3.75,8.0,0.01915905438363552
54500,-0.12,2.88,8.0,0.042742952704429626
55000,1.62,4.62,8.0,0.01735764369368553
55500,0.5,3.5,8.0,0.012177754193544388
56000,0.25,3.25,8.0,0.01181362010538578
56500,1.0,4.0,8.0,0.022973520681262016
57000,0.5,3.5,8.0,0.03952156379818916
57500,0.38,3.38,8.0,0.032995112240314484
58000,0.88,3.88,8.0,0.02750125341117382
58500,0.62,3.62,8.0,0.026563379913568497
59000,1.5,4.5,8.0,0.020885633304715157
59500,0.62,3.62,8.0,0.019765440374612808
60000,1.38,4.38,8.0,0.019108647480607033
60500,1.0,4.0,8.0,0.01785910129547119
61000,0.25,3.25,8.0,0.03832993283867836
61500,1.62,4.62,8.0,0.033328473567962646
62000,0.88,3.88,8.0,0.04360939562320709
62500,0.0,3.0,8.0,0.019924664869904518
63000,0.75,3.75,8.0,0.020475730299949646
63500,0.0,3.0,8.0,0.03245755285024643
64000,1.0,4.0,8.0,0.028185438364744186
64500,1.0,4.0,8.0,0.02089710906147957
65000,1.0,4.0,8.0,0.014094278216362
65500,1.0,4.0,8.0,0.01958104409277439
66000,-0.12,2.88,8.0,0.016425631940364838
66500,0.62,3.62,8.0,0.011204682290554047
67000,0.25,3.25,8.0,0.027248525992035866
67500,0.89,3.89,9.0,0.015986960381269455
68000,2.12,5.12,8.0,0.014835594221949577
68500,0.38,3.38,8.0,0.010452431626617908
69000,1.0,4.0,8.0,0.012266098521649837
69500,0.89,3.89,9.0,0.008731506764888763
70000,0.5,3.5,8.0,0.008025619201362133
70500,0.38,3.38,8.0,0.013480504974722862
71000,0.75,3.75,8.0,0.007226648740470409
71500,0.12,3.12,8.0,0.024640750139951706
72000,0.75,3.75,8.0,0.008046280592679977
72500,0.5,3.5,8.0,0.004903735592961311
73000,0.5,3.5,8.0,0.005580870900303125
73500,0.5,3.5,8.0,0.013765832409262657
74000,1.12,4.12,8.0,0.008217757567763329
74500,0.88,3.88,8.0,0.0044541554525494576
75000,1.0,4.0,8.0,0.008409732952713966
75500,1.5,4.5,8.0,0.011031951755285263
76000,1.0,4.0,8.0,0.00420289346948266
76500,0.62,3.62,8.0,0.00832517072558403
77000,1.88,4.88,8.0,0.01003755908459425
77500,0.5,3.5,8.0,0.008128371089696884
78000,1.0,4.0,9.0,0.0075919427908957005
78500,0.62,3.62,8.0,0.0037772725336253643
79000,0.62,3.62,8.0,0.00525026535615325
79500,1.38,4.38,8.0,0.005398173816502094
80000,0.38,3.38,8.0,0.007394213695079088
80500,1.12,4.12,8.0,0.004545253701508045
81000,0.5,3.5,8.0,0.002418388379737735
81500,-0.12,2.88,8.0,0.004444587044417858
82000,0.5,3.5,8.0,0.008849628269672394
82500,0.62,3.62,8.0,0.004014937207102776
83000,1.38,4.38,8.0,0.0055749136954545975
83500,1.25,4.25,8.0,0.00672848941758275
84000,0.62,3.62,8.0,0.003499348182231188
84500,1.0,4.0,8.0,0.0031617628410458565
85000,0.62,3.62,8.0,0.0045381831005215645
85500,1.25,4.25,8.0,0.002530724974349141
86000,1.5,4.5,8.0,0.0026848632842302322
86500,0.88,3.88,8.0,0.008110159076750278
87000,1.38,4.38,8.0,0.0020355558954179287
87500,1.0,4.0,8.0,0.006649389863014221
88000,1.5,4.5,8.0,0.002783644013106823
88500,0.75,3.75,8.0,0.007257592864334583
89000,1.5,4.5,8.0,0.018260691314935684
89500,0.5,3.5,8.0,0.010802363976836205
90000,1.0,4.0,8.0,0.007698091212660074
90500,0.75,3.75,8.0,0.009945197962224483
91000,1.25,4.25,8.0,0.0028914958238601685
91500,0.62,3.62,8.0,0.005703183822333813
92000,1.12,4.12,8.0,0.005196365062147379
92500,1.38,4.38,8.0,0.0044051269069314
93000,1.0,4.0,8.0,0.0014659992884844542
93500,1.25,4.25,8.0,0.0020760870538651943
94000,0.75,3.75,8.0,0.0018900760915130377
94500,1.38,4.38,8.0,0.0026935155037790537
95000,0.5,3.5,8.0,0.0017290052492171526
95500,0.5,3.5,8.0,0.005024571903049946
96000,1.5,4.5,8.0,0.0010276949033141136
96500,0.88,3.88,8.0,0.0064337910152971745
97000,0.75,3.75,8.0,0.0031395931728184223
97500,2.0,5.0,8.0,0.0031089396215975285
98000,1.62,4.62,8.0,0.0021344623528420925
98500,1.75,4.75,8.0,0.005305822007358074
99000,1.11,4.11,9.0,0.00219064112752676
99500,1.88,4.88,8.0,0.002734710229560733
100000,1.12,4.12,8.0,0.003042388241738081
100500,1.5,4.5,8.0,0.0018647769466042519
101000,1.25,4.25,8.0,0.0020673968829214573
101500,1.0,4.0,8.0,0.001158686587586999
102000,1.25,4.25,8.0,0.0022337567061185837
102500,1.12,4.12,8.0,0.0018722338136285543
103000,1.38,4.38,8.0,0.005497278645634651
103500,1.5,4.5,8.0,0.0014909792225807905
104000,1.0,4.0,8.0,0.0017155709210783243
104500,1.62,4.62,8.0,0.0022856704890727997
105000,0.88,3.88,8.0,0.0015794929349794984
105500,2.0,5.0,8.0,0.0045234691351652145
106000,1.25,4.25,8.0,0.0007448573596775532
106500,1.5,4.5,8.0,0.002365842927247286
107000,1.62,4.62,8.0,0.00201445072889328
107500,1.75,4.75,8.0,0.003067931393161416
108000,0.62,3.62,8.0,0.0009475736878812313
108500,2.12,5.12,8.0,0.0021409252658486366
109000,1.5,4.5,8.0,0.0027988203801214695
109500,1.38,4.38,8.0,0.002141208155080676
110000,1.75,4.75,8.0,0.0019131831359118223
110500,1.62,4.62,8.0,0.008269024081528187
111000,1.38,4.38,8.0,0.001395386178046465
111500,1.25,4.25,8.0,0.001341792056336999
112000,1.38,4.38,8.0,0.0019143607933074236
112500,1.88,4.88,8.0,0.0010365464258939028
113000,1.38,4.38,8.0,0.002240777248516679
113500,1.5,4.5,8.0,0.0076980795711278915
114000,1.75,4.75,8.0,0.0016446781810373068
114500,1.5,4.5,8.0,0.0023144374135881662
115000,2.0,5.0,8.0,0.0024111371021717787
115500,2.25,5.25,8.0,0.0015294643817469478
116000,1.88,4.88,8.0,0.0022960659116506577
116500,1.38,4.38,8.0,0.0022423455957323313
117000,1.12,4.12,8.0,0.0028401007875800133
117500,1.88,4.88,8.0,0.0013992195017635822
118000,1.25,4.25,8.0,0.0012232477311044931
118500,2.25,5.25,8.0,0.0011123263975605369
119000,1.25,4.25,8.0,0.001266026054508984
119500,2.38,5.38,8.0,0.005080138798803091
120000,2.62,5.62,8.0,0.0016731707146391273
120500,2.5,5.5,8.0,0.001725541427731514
121000,1.62,4.62,8.0,0.0026588677428662777
121500,2.62,5.62,8.0,0.0022080442868173122
122000,2.38,5.38,8.0,0.0021011142525821924
122500,1.75,4.75,8.0,0.0027939071878790855
123000,1.75,4.75,8.0,0.0008262863848358393
123500,1.5,4.5,8.0,0.003666451433673501
124000,1.5,4.5,8.0,0.0016527194529771805
124500,1.5,4.5,8.0,0.003030800726264715
125000,2.12,5.12,8.0,0.003774460172280669
125500,1.12,4.12,8.0,0.002282928442582488
126000,2.0,5.0,8.0,0.0010150318266823888
126500,2.25,5.25,8.0,0.0010579773224890232
127000,1.75,4.75,8.0,0.0009281988022848964
127500,2.0,5.0,8.0,0.0009063288453035057
128000,1.5,4.5,8.0,0.0012910636141896248
128500,1.25,4.25,8.0,0.0009656321490183473
129000,2.0,5.0,8.0,0.001342867617495358
129500,1.88,4.88,8.0,0.0009241474908776581
130000,1.88,4.88,8.0,0.0011421558447182178
130500,2.0,5.0,8.0,0.0027720844373106956
131000,1.44,4.44,9.0,0.0007353356922976673
131500,2.12,5.12,8.0,0.0037553710862994194
132000,1.62,4.62,8.0,0.0005436177598312497
132500,2.12,5.12,8.0,0.002159247174859047
133000,0.62,3.62,8.0,0.0012502940371632576
133500,1.25,4.25,8.0,0.002509381389245391
134000,2.12,5.12,8.0,0.0016729221679270267
134500,2.5,5.5,8.0,0.0031776647083461285
135000,1.88,4.88,8.0,0.0014865414705127478
135500,2.0,5.0,8.0,0.0010482044890522957
136000,2.25,5.25,8.0,0.0014965807786211371
136500,1.5,4.5,8.0,0.0014303972711786628
137000,1.75,4.75,8.0,0.0027066576294600964
137500,1.88,4.88,8.0,0.0008034198544919491
138000,1.62,4.62,8.0,0.0019044708460569382
138500,2.38,5.38,8.0,0.002486197976395488
139000,2.0,5.0,8.0,0.004109345842152834
139500,2.12,5.12,8.0,0.0014727921225130558
140000,2.25,5.25,8.0,0.0027192230336368084
140500,2.0,5.0,8.0,0.0017114197835326195
141000,2.0,5.0,8.0,0.003695746650919318
141500,2.38,5.38,8.0,0.003035197267308831
142000,1.62,4.62,8.0,0.003934040199965239
142500,2.25,5.25,8.0,0.003378329798579216
143000,2.62,5.62,8.0,0.0018887834157794714
143500,2.12,5.12,8.0,0.00281169218942523
144000,2.25,5.25,8.0,0.002369531663134694
144500,1.5,4.5,8.0,0.0019057001918554306
145000,1.75,4.75,8.0,0.002130377572029829
145500,2.12,5.12,8.0,0.007781773805618286
146000,2.0,5.0,8.0,0.001523533253930509
146500,2.0,5.0,8.0,0.0022445046342909336
147000,1.62,4.62,8.0,0.0016858871094882488
147500,1.88,4.88,8.0,0.0034892912954092026
148000,1.88,4.88,8.0,0.00490872748196125
148500,1.88,4.88,8.0,0.0030455696396529675
149000,2.25,5.25,8.0,0.0019943779334425926
149500,1.75,4.75,8.0,0.0011556835379451513
150000,1.62,4.62,8.0,0.0012572617270052433
150500,2.0,5.0,8.0,0.0023114709183573723
151000,1.75,4.75,8.0,0.002359678503125906
151500,1.75,4.75,8.0,0.0012502109166234732
152000,2.38,5.38,8.0,0.0011538766557350755
152500,2.12,5.12,8.0,0.001588556682690978
153000,2.12,5.12,8.0,0.004342254251241684
153500,1.88,4.88,8.0,0.005281861871480942
154000,2.88,5.88,8.0,0.0013692659558728337
154500,1.75,4.75,8.0,0.0012310515157878399
155000,2.62,5.62,8.0,0.0036708591505885124
155500,2.25,5.25,8.0,0.0020020981319248676
156000,2.5,5.5,8.0,0.0016382826725021005
156500,1.88,4.88,8.0,0.0028066474478691816
157000,2.12,5.12,8.0,0.0015130287501960993
157500,2.25,5.25,8.0,0.0008888087468221784
158000,2.25,5.25,8.0,0.0016018821625038981
158500,2.0,5.0,8.0,0.003714215476065874
159000,2.12,5.12,8.0,0.002565812785178423
159500,1.88,4.88,8.0,0.0023054128978401423
160000,2.12,5.12,8.0,0.0024614634457975626
160500,2.25,5.25,8.0,0.0038634485099464655
161000,2.12,5.12,8.0,0.002818882931023836
161500,2.5,5.5,8.0,0.0014566220343112946
162000,1.75,4.75,8.0,0.0029893203172832727
162500,1.88,4.88,8.0,0.0025394551921635866
163000,2.0,5.0,8.0,0.001945120980963111
163500,2.12,5.12,8.0,0.0012847264297306538
164000,2.5,5.5,8.0,0.007889487780630589
164500,1.75,4.75,8.0,0.0023440017830580473
165000,2.5,5.5,8.0,0.002021980471909046
165500,1.62,4.62,8.0,0.0011346801184117794
166000,2.5,5.5,8.0,0.001819404074922204
166500,2.88,5.88,8.0,0.0031857506837695837
167000,2.25,5.25,8.0,0.00187805132009089
167500,2.0,5.0,8.0,0.0017292413394898176
168000,2.25,5.25,8.0,0.001362707233056426
168500,2.12,5.12,8.0,0.0024083820171654224
169000,2.62,5.62,8.0,0.0012136762961745262
169500,2.5,5.5,8.0,0.0035481415688991547
170000,2.25,5.25,8.0,0.0012649123091250658
170500,2.88,5.88,8.0,0.001552717061713338
171000,2.38,5.38,8.0,0.0009099426097236574
171500,2.38,5.38,8.0,0.004604564048349857
172000,1.88,4.88,8.0,0.0020797671750187874
172500,2.12,5.12,8.0,0.0042237406596541405
173000,2.0,5.0,8.0,0.004546790383756161
173500,2.25,5.25,8.0,0.0017659496515989304
174000,1.62,4.62,8.0,0.0014252259861677885
174500,1.62,4.62,8.0,0.002768757753074169
175000,2.38,5.38,8.0,0.003830860834568739
175500,2.5,5.5,8.0,0.004517696797847748
176000,1.62,4.62,8.0,0.002129962434992194
176500,2.5,5.5,8.0,0.0021650982089340687
177000,2.12,5.12,8.0,0.0018521645106375217
177500,2.0,5.0,8.0,0.0059745172038674355
178000,2.5,5.5,8.0,0.0015897332923486829
178500,1.75,4.75,8.0,0.0027307788841426373
179000,2.12,5.12,8.0,0.002742564771324396
179500,1.75,4.75,8.0,0.0012470517540350556
180000,2.5,5.5,8.0,0.0012958650477230549
180500,2.12,5.12,8.0,0.0017978858668357134
181000,2.25,5.25,8.0,0.0016659157117828727
181500,2.62,5.62,8.0,0.0024914119858294725
182000,2.25,5.25,8.0,0.0013610583264380693
182500,1.5,4.5,8.0,0.0019436941947788
183000,2.62,5.62,8.0,0.0011646311031654477
183500,2.62,5.62,8.0,0.002740734489634633
184000,2.62,5.62,8.0,0.004272228106856346
184500,2.5,5.5,8.0,0.002166416961699724
185000,2.12,5.12,8.0,0.003449219511821866
185500,2.62,5.62,8.0,0.0037511982955038548
186000,2.12,5.12,8.0,0.002289525233209133
186500,1.88,4.88,8.0,0.001392653677612543
187000,2.62,5.62,8.0,0.00230513047426939
187500,2.75,5.75,8.0,0.0015450806822627783
188000,1.75,4.75,8.0,0.0023013832978904247
188500,2.5,5.5,8.0,0.0011424976401031017
189000,1.88,4.88,8.0,0.001995569095015526
189500,2.5,5.5,8.0,0.002341430401429534
190000,2.25,5.25,8.0,0.0015188379911705852
190500,2.88,5.88,8.0,0.0014764447696506977
191000,2.62,5.62,8.0,0.002841555280610919
191500,2.75,5.75,8.0,0.0008847977733239532
192000,2.25,5.25,8.0,0.0022444347850978374
192500,2.25,5.25,8.0,0.0010620836401358247
193000,2.62,5.62,8.0,0.0017586417961865664
193500,2.12,5.12,8.0,0.001708566676825285
194000,1.88,4.88,8.0,0.0014046962605789304
194500,2.38,5.38,8.0,0.0018519016448408365
195000,2.88,5.88,8.0,0.0025358805432915688
195500,1.75,4.75,8.0,0.0008267676457762718
196000,2.5,5.5,8.0,0.003207114990800619
196500,2.88,5.88,8.0,0.00139680749271065
197000,2.38,5.38,8.0,0.0014284279895946383
197500,2.25,5.25,8.0,0.0045035649091005325
198000,2.5,5.5,8.0,0.0030551482923328876
198500,1.75,4.75,8.0,0.002237107139080763
199000,2.12,5.12,8.0,0.0015748509904369712
199500,2.38,5.38,8.0,0.00602481234818697
200000,2.12,5.12,8.0,0.006909665185958147
200500,2.25,5.25,8.0,0.0023877820931375027
201000,2.38,5.38,8.0,0.001545715145766735
201500,1.5,4.5,8.0,0.008675112389028072
202000,2.62,5.62,8.0,0.0029851477593183517
202500,2.62,5.62,8.0,0.0024738337378948927
203000,1.88,4.88,8.0,0.002178379101678729
203500,2.12,5.12,8.0,0.002332207979634404
204000,2.12,5.12,8.0,0.0036336914636194706
204500,2.38,5.38,8.0,0.0016930606216192245
205000,2.5,5.5,8.0,0.001123914960771799
205500,2.0,5.0,8.0,0.000984312267974019
206000,2.62,5.62,8.0,0.0017695958958938718
206500,1.75,4.75,8.0,0.0013804230839014053
207000,1.75,4.75,8.0,0.0009554484277032316
207500,2.38,5.38,8.0,0.0019438923336565495
208000,2.0,5.0,8.0,0.0023973602801561356
208500,2.12,5.12,8.0,0.0028303968720138073
209000,2.5,5.5,8.0,0.0040060351602733135
209500,2.25,5.25,8.0,0.005989045836031437
210000,2.38,5.38,8.0,0.001241816207766533
210500,2.25,5.25,8.0,0.0013266837922856212
211000,2.38,5.38,8.0,0.0017991189379245043
211500,2.25,5.25,8.0,0.0018974178237840533
212000,2.38,5.38,8.0,0.0012093533296138048
212500,2.75,5.75,8.0,0.003257127944380045
213000,2.5,5.5,8.0,0.0030336896888911724
213500,2.75,5.75,8.0,0.0011823349632322788
214000,1.88,4.88,8.0,0.002790255006402731
214500,2.75,5.75,8.0,0.002134696114808321
215000,2.25,5.25,8.0,0.0017233408289030194
215500,1.88,4.88,8.0,0.0031190654262900352
216000,2.75,5.75,8.0,0.0030934163369238377
216500,2.0,5.0,8.0,0.005785787478089333
217000,1.5,4.5,8.0,0.0014927827287465334
217500,1.75,4.75,8.0,0.001651860075071454
218000,2.0,5.0,8.0,0.0026667809579521418
218500,2.12,5.12,8.0,0.0012407863978296518
219000,2.12,5.12,8.0,0.0042431955225765705
219500,2.5,5.5,8.0,0.0011255138088017702
220000,1.62,4.62,8.0,0.0028337654657661915
220500,2.38,5.38,8.0,0.0023297606967389584
221000,2.5,5.5,8.0,0.004109701607376337
221500,2.0,5.0,8.0,0.002188639249652624
222000,2.62,5.62,8.0,0.0017787354299798608
222500,2.5,5.5,8.0,0.0007647851016372442
223000,2.75,5.75,8.0,0.0024646143428981304
223500,2.12,5.12,8.0,0.0009329321328550577
224000,2.0,5.0,8.0,0.001973930513486266
224500,2.75,5.75,8.0,0.0022066067904233932
225000,2.0,5.0,8.0,0.001273437635973096
225500,2.25,5.25,8.0,0.001135737751610577
226000,2.6,5.6,10.0,0.0021345019340515137
226500,3.0,6.0,8.0,0.0011285811197012663
227000,2.75,5.75,8.0,0.002631785813719034
227500,2.0,5.0,8.0,0.0032369361724704504
228000,2.25,5.25,8.0,0.005687354132533073
228500,3.0,6.0,8.0,0.0022464809007942677
229000,2.62,5.62,8.0,0.003103358205407858
229500,2.0,5.0,8.0,0.006804664619266987
230000,3.62,6.62,8.0,0.0064300838857889175
230500,2.0,5.0,8.0,0.0019689896143972874
231000,2.62,5.62,8.0,0.003625721437856555
231500,2.25,5.25,8.0,0.0019735200330615044
232000,1.75,4.75,8.0,0.0016382348258048296
232500,1.88,4.88,8.0,0.0013168453006073833
233000,1.89,4.89,9.0,0.0026706140488386154
233500,3.12,6.12,8.0,0.0012748183216899633
234000,2.25,5.25,8.0,0.0021420642733573914
234500,2.0,5.0,8.0,0.0017993436194956303
235000,2.25,5.25,8.0,0.0036923971492797136
235500,2.38,5.38,8.0,0.0035421547945588827
236000,3.0,6.0,8.0,0.004435776732861996
236500,2.25,5.25,8.0,0.002607714617624879
237000,2.0,5.0,8.0,0.0027247550897300243
237500,2.12,5.12,8.0,0.003007795661687851
238000,1.88,4.88,8.0,0.0018470678478479385
238500,1.88,4.88,8.0,0.0033037569373846054
239000,2.5,5.5,8.0,0.002017392311245203
239500,2.38,5.38,8.0,0.0020748558454215527
240000,2.38,5.38,8.0,0.001654149848036468
240500,2.75,5.75,8.0,0.002043049782514572
241000,2.0,5.0,8.0,0.0009317685035057366
241500,2.38,5.38,8.0,0.001493974355980754
242000,2.0,5.0,8.0,0.0032690786756575108
242500,2.0,5.0,8.0,0.001723733264952898
243000,2.12,5.12,8.0,0.0028828431386500597
243500,2.5,5.5,8.0,0.002746171783655882
244000,2.38,5.38,8.0,0.003501910949125886
244500,2.12,5.12,8.0,0.0017256210558116436
245000,2.25,5.25,8.0,0.0007414211868308485
245500,2.88,5.88,8.0,0.001835395349189639
246000,2.5,5.5,8.0,0.0014439381193369627
246500,1.75,4.75,8.0,0.0022463793866336346
247000,1.88,4.88,8.0,0.0009454868268221617
247500,2.25,5.25,8.0,0.0016360296867787838
248000,2.62,5.62,8.0,0.0012604357907548547
248500,3.12,6.12,8.0,0.0013368641957640648
249000,2.12,5.12,8.0,0.0016736795660108328
249500,2.62,5.62,8.0,0.0015942836180329323
250000,2.5,5.5,8.0,0.001252701971679926
250500,2.75,5.75,8.0,0.0016870094696059823
251000,2.0,5.0,8.0,0.0018139269668608904
251500,2.38,5.38,8.0,0.0004582577967084944
252000,1.75,4.75,8.0,0.0025822266470640898
252500,2.25,5.25,8.0,0.002201079623773694
253000,2.0,5.0,8.0,0.0014526674058288336
253500,2.88,5.88,8.0,0.0025077620521187782
254000,2.5,5.5,8.0,0.0014701294712722301
254500,2.12,5.12,8.0,0.0037516977172344923
255000,2.12,5.12,8.0,0.0013450018595904112
255500,2.5,5.5,8.0,0.002556083956733346
256000,2.62,5.62,8.0,0.0012790942564606667
256500,1.62,4.62,8.0,0.002159266034141183
257000,2.62,5.62,8.0,0.0019420487806200981
257500,2.5,5.5,8.0,0.0016182929975911975
258000,2.0,5.0,8.0,0.0041543603874742985
258500,2.25,5.25,8.0,0.00559748150408268
259000,2.62,5.62,8.0,0.0010623924899846315
259500,2.0,5.0,8.0,0.004318350926041603
260000,2.12,5.12,8.0,0.0008418030920438468
260500,2.62,5.62,8.0,0.0029888227581977844
261000,2.0,5.0,8.0,0.005620219744741917
261500,2.25,5.25,8.0,0.005609337240457535
262000,2.25,5.25,8.0,0.003308963729068637
262500,2.12,5.12,8.0,0.0027452269569039345
263000,2.5,5.5,8.0,0.0018622608622536063
263500,2.12,5.12,8.0,0.004289478529244661
264000,2.0,5.0,8.0,0.0023184011224657297
264500,2.5,5.5,8.0,0.001073514111340046
265000,2.75,5.75,8.0,0.0011545242741703987
265500,2.75,5.75,8.0,0.001668134005740285
266000,2.12,5.12,8.0,0.003111319849267602
266500,2.12,5.12,8.0,0.0010687235044315457
267000,2.62,5.62,8.0,0.0009838839760050178
267500,2.38,5.38,8.0,0.001139457686804235
268000,2.62,5.62,8.0,0.001645925804041326
268500,2.38,5.38,8.0,0.0020133613143116236
269000,2.5,5.5,8.0,0.002205626340582967
269500,2.12,5.12,8.0,0.0030788497533649206
270000,2.12,5.12,8.0,0.001524837571196258
270500,1.88,4.88,8.0,0.0021176664158701897
271000,2.25,5.25,8.0,0.0036934646777808666
271500,2.0,5.0,8.0,0.0015625024680048227
272000,2.12,5.12,8.0,0.0029245601035654545
272500,2.62,5.62,8.0,0.0028887330554425716
273000,2.88,5.88,8.0,0.0016742232255637646
273500,2.12,5.12,8.0,0.0026179843116551638
274000,2.38,5.38,8.0,0.0027911262586712837
274500,2.12,5.12,8.0,0.001738816499710083
275000,2.0,5.0,8.0,0.0012566887307912111
275500,2.25,5.25,8.0,0.008800256997346878
276000,2.0,5.0,8.0,0.0024781711399555206
276500,2.38,5.38,8.0,0.003916651010513306
277000,1.88,4.88,8.0,0.0024860179983079433
277500,2.0,5.0,8.0,0.0013592829927802086
278000,2.5,5.5,8.0,0.0030925488099455833
278500,2.62,5.62,8.0,0.001512392540462315
279000,2.0,5.0,8.0,0.0013183992123231292
279500,2.75,5.75,8.0,0.003633184591308236
280000,1.88,4.88,8.0,0.0030681791249662638
280500,2.38,5.38,8.0,0.003923946525901556
281000,2.75,5.75,8.0,0.0011130834463983774
281500,2.25,5.25,8.0,0.0020260524470359087
282000,2.25,5.25,8.0,0.0020375445019453764
282500,2.88,5.88,8.0,0.0014890835154801607
283000,2.75,5.75,8.0,0.0018630742561072111
283500,2.62,5.62,8.0,0.0011319972109049559
284000,2.25,5.25,8.0,0.0027407738380134106
284500,2.75,5.75,8.0,0.006640180945396423
285000,2.5,5.5,8.0,0.0021401310805231333
285500,2.38,5.38,8.0,0.003180012572556734
286000,1.88,4.88,8.0,0.0029656942933797836
286500,2.38,5.38,8.0,0.0020857045892626047
287000,2.25,5.25,8.0,0.0015273113967850804
287500,2.38,5.38,8.0,0.006033193785697222
288000,2.38,5.38,8.0,0.0009685707627795637
288500,2.12,5.12,8.0,0.00183280766941607
289000,2.25,5.25,8.0,0.001194295473396778
289500,2.38,5.38,8.0,0.002251260681077838
290000,3.12,6.12,8.0,0.0020246163476258516
290500,2.38,5.38,8.0,0.0026452685706317425
291000,2.25,5.25,8.0,0.0013687271857634187
291500,2.88,5.88,8.0,0.002142807934433222
292000,2.38,5.38,8.0,0.001674559200182557
292500,3.0,6.0,8.0,0.002693327609449625
293000,2.88,5.88,8.0,0.005583598744124174
293500,2.75,5.75,8.0,0.0019006443908438087
294000,2.62,5.62,8.0,0.002761237323284149
294500,1.88,4.88,8.0,0.0029432603623718023
295000,2.38,5.38,8.0,0.005326773039996624
295500,2.67,5.67,9.0,0.0029578646644949913
296000,1.88,4.88,8.0,0.0012466325424611568
296500,2.25,5.25,8.0,0.0052283634431660175
297000,3.0,6.0,8.0,0.0023931474424898624
297500,3.0,6.0,8.0,0.0019513205625116825
298000,2.5,5.5,8.0,0.0025370153598487377
298500,2.75,5.75,8.0,0.0032626097090542316
299000,2.5,5.5,8.0,0.002397696953266859
299500,2.25,5.25,8.0,0.0016530659049749374
300000,2.38,5.38,8.0,0.002313010161742568
300500,2.25,5.25,8.0,0.0015794397331774235
301000,2.25,5.25,8.0,0.007133413106203079
301500,2.38,5.38,8.0,0.0013564096298068762
302000,2.12,5.12,8.0,0.002902514999732375
302500,2.25,5.25,8.0,0.002429942600429058
303000,2.25,5.25,8.0,0.0011599489953368902
303500,2.75,5.75,8.0,0.0031976918689906597
304000,2.62,5.62,8.0,0.0038442020304501057
304500,2.25,5.25,8.0,0.0017576719401404262
305000,2.12,5.12,8.0,0.0033239182084798813
305500,1.88,4.88,8.0,0.002209670841693878
306000,2.75,5.75,8.0,0.002109748078510165
306500,2.0,5.0,8.0,0.0016175378113985062
307000,2.38,5.38,8.0,0.0015093921683728695
307500,2.75,5.75,8.0,0.0021352004259824753
308000,2.0,5.0,8.0,0.0017917840741574764
308500,2.12,5.12,8.0,0.0014661719324067235
309000,2.78,5.78,9.0,0.0016842442564666271
309500,2.0,5.0,8.0,0.002183013828471303
310000,2.62,5.62,8.0,0.0021302818786352873
310500,2.25,5.25,8.0,0.001307112630456686
311000,2.25,5.25,8.0,0.0034426655620336533
311500,2.5,5.5,8.0,0.005071292165666819
312000,1.88,4.88,8.0,0.0024901058059185743
312500,2.62,5.62,8.0,0.0022004004567861557
313000,2.5,5.5,8.0,0.0013578657526522875
313500,2.38,5.38,8.0,0.0016845796490088105
314000,2.38,5.38,8.0,0.005788044072687626
314500,2.5,5.5,8.0,0.0016798931173980236
315000,3.0,6.0,8.0,0.0020953002385795116
315500,2.0,5.0,8.0,0.0032096814829856157
316000,1.88,4.88,8.0,0.002144335536286235
316500,2.25,5.25,8.0,0.0014770758571103215
317000,2.25,5.25,8.0,0.002364999847486615
317500,3.12,6.12,8.0,0.0013069576816633344
318000,2.62,5.62,8.0,0.00187019445002079
318500,2.38,5.38,8.0,0.0012690438888967037
319000,2.62,5.62,8.0,0.0023744823411107063
319500,2.38,5.38,8.0,0.0019933462608605623
320000,2.0,5.0,8.0,0.0020916962530463934
320500,2.25,5.25,8.0,0.0029536697547882795
321000,2.12,5.12,8.0,0.005656551569700241
321500,1.88,4.88,8.0,0.0012660777429118752
322000,2.38,5.38,8.0,0.003323519602417946
322500,2.0,5.0,8.0,0.003985286690294743
323000,2.38,5.38,8.0,0.0029210709035396576
323500,2.25,5.25,8.0,0.003869566135108471
324000,2.12,5.12,8.0,0.0011491479817777872
324500,2.38,5.38,8.0,0.0015292945317924023
325000,2.62,5.62,8.0,0.0035428309347480536
325500,2.38,5.38,8.0,0.0016894889995455742
326000,2.75,5.75,8.0,0.003947819583117962
326500,2.38,5.38,8.0,0.001813734881579876
327000,2.25,5.25,8.0,0.0015003664884716272
327500,2.89,5.89,9.0,0.001540259225293994
328000,2.0,5.0,8.0,0.0019958277698606253
328500,3.5,6.5,8.0,0.0021053084637969732
329000,2.5,5.5,8.0,0.0011683973716571927
329500,2.38,5.38,8.0,0.0024878806434571743
330000,3.25,6.25,8.0,0.0028182445093989372
330500,2.5,5.5,8.0,0.0026327294763177633
331000,2.38,5.38,8.0,0.0009838868863880634
331500,2.25,5.25,8.0,0.0028531027492135763
332000,2.0,5.0,8.0,0.007866761647164822
332500,1.75,4.75,8.0,0.0009302305988967419
333000,2.25,5.25,8.0,0.0010638930834829807
333500,2.75,5.75,8.0,0.0010722456499934196
334000,2.38,5.38,8.0,0.002013768069446087
334500,1.62,4.62,8.0,0.0019108655396848917
335000,2.25,5.25,8.0,0.0010131294839084148
335500,2.0,5.0,8.0,0.0016575639601796865
336000,2.0,5.0,8.0,0.0049109309911727905
336500,2.88,5.88,8.0,0.0038862135261297226
337000,1.75,4.75,8.0,0.002390169072896242
337500,2.0,5.0,8.0,0.002351527800783515
338000,2.5,5.5,8.0,0.004441023338586092
338500,2.0,5.0,8.0,0.003389778546988964
339000,2.25,5.25,8.0,0.002535792300477624
339500,2.5,5.5,8.0,0.004934129770845175
340000,2.88,5.88,8.0,0.0016346329357475042
340500,2.38,5.38,8.0,0.0020731957629323006
341000,2.75,5.75,8.0,0.0019539971835911274
341500,2.88,5.88,8.0,0.004410421475768089
342000,2.38,5.38,8.0,0.002153179608285427
342500,2.62,5.62,8.0,0.0014618425630033016
343000,3.0,6.0,8.0,0.001810482470318675
343500,2.38,5.38,8.0,0.0011184988543391228
344000,2.0,5.0,8.0,0.0015462171286344528
344500,2.38,5.38,8.0,0.001893255626782775
345000,1.88,4.88,8.0,0.0013102670200169086
345500,2.25,5.25,8.0,0.0024522810708731413
346000,2.38,5.38,8.0,0.002977013122290373
346500,2.62,5.62,8.0,0.002238502027466893
347000,2.25,5.25,8.0,0.0023040971718728542
347500,2.0,5.0,8.0,0.0018106295028701425
348000,2.25,5.25,8.0,0.002080140169709921
348500,2.25,5.25,8.0,0.004706745967268944
349000,2.75,5.75,8.0,0.0013296672841534019
349500,2.0,5.0,8.0,0.0023589208722114563
350000,2.44,5.44,9.0,0.001590882777236402
350500,2.0,5.0,8.0,0.003474015276879072
351000,2.75,5.75,8.0,0.0026606228202581406
351500,2.62,5.62,8.0,0.0035490882582962513
352000,2.38,5.38,8.0,0.0018052187515422702
352500,2.0,5.0,8.0,0.0022444601636379957
353000,2.5,5.5,8.0,0.0020205818582326174
353500,1.88,4.88,8.0,0.0026182057335972786
354000,2.38,5.38,8.0,0.003953319042921066
354500,2.75,5.75,8.0,0.001442375360056758
355000,2.62,5.62,8.0,0.0015661821234971285
355500,2.62,5.62,8.0,0.0018450762145221233
356000,2.88,5.88,8.0,0.002279103733599186
356500,3.0,6.0,8.0,0.0020807869732379913
357000,2.0,5.0,8.0,0.00262350682169199
357500,2.62,5.62,8.0,0.0010969225550070405
358000,2.0,5.0,8.0,0.002160097938030958
358500,2.62,5.62,8.0,0.0013281428255140781
359000,2.62,5.62,8.0,0.004871361888945103
359500,2.38,5.38,8.0,0.0034510837867856026
360000,2.12,5.12,8.0,0.001837900374084711
360500,2.25,5.25,8.0,0.0027873991057276726
361000,2.38,5.38,8.0,0.0018216065363958478
361500,2.38,5.38,8.0,0.001140011241659522
362000,1.88,4.88,8.0,0.0015608761459589005
362500,2.12,5.12,8.0,0.0015021356521174312
363000,2.5,5.5,8.0,0.0017177253030240536
363500,2.0,5.0,8.0,0.0057152556255459785
364000,2.75,5.75,8.0,0.0022878325544297695
364500,2.25,5.25,8.0,0.00422319071367383
365000,2.0,5.0,8.0,0.0022448066156357527
365500,2.62,5.62,8.0,0.002259068191051483
366000,2.25,5.25,8.0,0.002324440749362111
366500,2.5,5.5,8.0,0.0037790266796946526
367000,2.0,5.0,8.0,0.003074509557336569
367500,3.0,6.0,8.0,0.0014402621891349554
368000,3.0,6.0,8.0,0.0028808489441871643
368500,2.5,5.5,8.0,0.0018518696306273341
369000,2.5,5.5,8.0,0.0043029626831412315
369500,2.38,5.38,8.0,0.002846573945134878
370000,2.62,5.62,8.0,0.0034213250037282705
370500,2.38,5.38,8.0,0.0022292553912848234
371000,2.88,5.88,8.0,0.001905751763843
371500,2.5,5.5,8.0,0.0016187489964067936
372000,2.12,5.12,8.0,0.00240750377997756
372500,2.44,5.44,9.0,0.004188342019915581
373000,2.38,5.38,8.0,0.003600731259211898
373500,2.25,5.25,8.0,0.0005907496088184416
374000,2.25,5.25,8.0,0.0010079867206513882
374500,2.38,5.38,8.0,0.0016440610634163022
375000,2.38,5.38,8.0,0.001176757039502263
375500,3.12,6.12,8.0,0.001955480547621846
376000,2.75,5.75,8.0,0.002406033221632242
376500,2.38,5.38,8.0,0.002405834384262562
377000,2.5,5.5,8.0,0.0026829661801457405
377500,2.0,5.0,8.0,0.0028019719757139683
378000,3.0,6.0,8.0,0.0023533692583441734
378500,2.75,5.75,8.0,0.0014976337552070618
379000,1.88,4.88,8.0,0.0009690748993307352
379500,3.5,6.5,8.0,0.002458515577018261
380000,2.25,5.25,8.0,0.0014961444539949298
380500,2.5,5.5,8.0,0.002489293459802866
381000,1.75,4.75,8.0,0.0040802909061312675
381500,2.5,5.5,8.0,0.0020549725741147995
382000,2.5,5.5,8.0,0.0017520413966849446
382500,2.88,5.88,8.0,0.004815299529582262
383000,2.25,5.25,8.0,0.004658014979213476
383500,2.5,5.5,8.0,0.0027685328386723995
384000,1.88,4.88,8.0,0.001614263979718089
384500,2.75,5.75,8.0,0.001810810761526227
385000,1.75,4.75,8.0,0.0016843113116919994
385500,2.5,5.5,8.0,0.0013266378082334995
386000,2.25,5.25,8.0,0.0016919116023927927
386500,2.38,5.38,8.0,0.0016935213934630156
387000,2.12,5.12,8.0,0.0016212323680520058
387500,2.88,5.88,8.0,0.0022144154645502567
388000,2.5,5.5,8.0,0.0009862850420176983
388500,1.88,4.88,8.0,0.0017445024568587542
389000,2.0,5.0,8.0,0.0013529302086681128
389500,2.25,5.25,8.0,0.0011746741365641356
390000,2.25,5.25,8.0,0.0019962636288255453
390500,2.88,5.88,8.0,0.003098995890468359
391000,2.62,5.62,8.0,0.0013523322995752096
391500,3.0,6.0,8.0,0.0027577122673392296
392000,2.0,5.0,8.0,0.001988852396607399
392500,2.75,5.75,8.0,0.0024145038332790136
393000,2.38,5.38,8.0,0.0011857588542625308
393500,2.12,5.12,8.0,0.003495568409562111
394000,2.75,5.75,8.0,0.0019969679415225983
394500,2.12,5.12,8.0,0.00452941469848156
395000,1.88,4.88,8.0,0.0011402866803109646
395500,2.25,5.25,8.0,0.0017682932084426284
396000,2.12,5.12,8.0,0.0032703597098588943
396500,2.0,5.0,9.0,0.0013357303105294704
397000,2.75,5.75,8.0,0.00477991160005331
397500,3.25,6.25,8.0,0.001678698929026723
398000,2.5,5.5,8.0,0.003501682076603174
398500,3.12,6.12,8.0,0.0015717510832473636
399000,2.88,5.88,8.0,0.0034470483660697937
399500,3.25,6.25,8.0,0.0017867035930976272
400000,2.5,5.5,8.0,0.0030114767141640186
400500,2.38,5.38,8.0,0.003408410120755434
401000,2.0,5.0,8.0,0.0028930138796567917
401500,2.25,5.25,8.0,0.0038836412131786346
402000,2.62,5.62,8.0,0.003903934732079506
402500,2.88,5.88,8.0,0.001962890848517418
403000,2.25,5.25,8.0,0.0031298641115427017
403500,2.12,5.12,8.0,0.0022806732449680567
404000,2.25,5.25,8.0,0.0028009512461721897
404500,2.25,5.25,8.0,0.0036243582144379616
405000,2.12,5.12,8.0,0.002257714979350567
405500,3.12,6.12,8.0,0.0035277188289910555
406000,2.25,5.25,8.0,0.0015825506998226047
406500,2.12,5.12,8.0,0.004536252003163099
407000,2.5,5.5,8.0,0.0012488918146118522
407500,2.0,5.0,8.0,0.0028110076673328876
408000,2.25,5.25,8.0,0.002172238426283002
408500,3.25,6.25,8.0,0.00318320095539093
409000,2.62,5.62,8.0,0.0028776908293366432
409500,2.88,5.88,8.0,0.002033182652667165
410000,2.75,5.75,8.0,0.0021977555006742477
410500,2.62,5.62,8.0,0.003935701679438353
411000,2.12,5.12,8.0,0.0010388258378952742
411500,2.12,5.12,8.0,0.0027070078067481518
412000,2.5,5.5,8.0,0.0029972337651997805
412500,2.75,5.75,8.0,0.003062732284888625
413000,2.62,5.62,8.0,0.0035580620169639587
413500,1.88,4.88,8.0,0.002396556083112955
414000,2.75,5.75,8.0,0.0017021491657942533
414500,2.12,5.12,8.0,0.0033508804626762867
415000,2.38,5.38,8.0,0.0035519967786967754
415500,2.88,5.88,8.0,0.0014235606649890542
416000,2.88,5.88,8.0,0.0013768216595053673
416500,2.25,5.25,8.0,0.005940123461186886
417000,2.38,5.38,8.0,0.003700148779898882
417500,2.5,5.5,8.0,0.0016338909044861794
418000,2.62,5.62,8.0,0.0021669750567525625
418500,2.88,5.88,8.0,0.001823982922360301
419000,2.62,5.62,8.0,0.0033795852214097977
419500,2.5,5.5,8.0,0.003978420048952103
420000,2.25,5.25,8.0,0.0011354057351127267
420500,2.38,5.38,8.0,0.003180844010785222
421000,3.0,6.0,8.0,0.0016383305191993713
421500,2.38,5.38,8.0,0.002074075862765312
422000,2.38,5.38,8.0,0.0012377973180264235
422500,2.38,5.38,8.0,0.004277518019080162
423000,2.5,5.5,8.0,0.0014992032665759325
423500,2.5,5.5,8.0,0.002364558167755604
424000,2.62,5.62,8.0,0.003346072044223547
424500,2.12,5.12,8.0,0.0012411689385771751
425000,2.5,5.5,8.0,0.004677548073232174
425500,2.75,5.75,8.0,0.0016953324666246772
426000,3.12,6.12,8.0,0.001901883166283369
426500,2.38,5.38,8.0,0.0027647512033581734
427000,2.12,5.12,8.0,0.002973144641146064
427500,2.88,5.88,8.0,0.003582512494176626
428000,1.62,4.62,8.0,0.0029033080209046602
428500,2.25,5.25,8.0,0.0016914281295612454
429000,2.62,5.62,8.0,0.0033280770294368267
429500,2.12,5.12,8.0,0.003000287339091301
430000,2.38,5.38,8.0,0.0034344736486673355
430500,2.25,5.25,8.0,0.002302132546901703
431000,2.5,5.5,8.0,0.004424124024808407
431500,2.25,5.25,8.0,0.002570420503616333
432000,2.5,5.5,8.0,0.0037217475473880768
432500,2.75,5.75,8.0,0.001076839747838676
433000,3.12,6.12,8.0,0.0014314590953290462
433500,3.12,6.12,8.0,0.0021678758785128593
434000,3.12,6.12,8.0,0.002119523473083973
434500,1.88,4.88,8.0,0.0021517258137464523
435000,2.25,5.25,8.0,0.003522257786244154
435500,2.5,5.5,8.0,0.004904373083263636
436000,2.88,5.88,8.0,0.0016622267430648208
436500,2.25,5.25,8.0,0.0018775840289890766
437000,2.38,5.38,8.0,0.0026622507721185684
437500,3.12,6.12,8.0,0.0023702397011220455
438000,2.0,5.0,8.0,0.0018261508084833622
438500,2.25,5.25,8.0,0.002239659195765853
439000,3.0,6.0,8.0,0.0016059638001024723
439500,2.88,5.88,8.0,0.0030131377279758453
440000,2.38,5.38,8.0,0.0024458379484713078
440500,2.0,5.0,8.0,0.003194390796124935
441000,2.62,5.62,8.0,0.002493048319593072
441500,1.75,4.75,8.0,0.0008230535313487053
442000,2.38,5.38,8.0,0.0026742240879684687
442500,2.25,5.25,8.0,0.0019647260196506977
443000,2.25,5.25,8.0,0.002314953366294503
443500,2.0,5.0,8.0,0.004392234608530998
444000,2.75,5.75,8.0,0.007806746289134026
444500,2.25,5.25,8.0,0.0098606301471591
445000,2.25,5.25,8.0,0.004436783492565155
445500,2.38,5.38,8.0,0.004446050152182579
446000,2.62,5.62,8.0,0.007045860402286053
446500,2.0,5.0,8.0,0.004358738660812378
447000,2.62,5.62,8.0,0.007722747512161732
447500,2.62,5.62,8.0,0.004250690340995789
448000,2.0,5.0,8.0,0.004575646948069334
448500,2.62,5.62,8.0,0.003919222857803106
449000,2.25,5.25,8.0,0.0025344700552523136
449500,2.5,5.5,8.0,0.002549454104155302
450000,1.75,4.75,8.0,0.0031872764229774475
450500,2.38,5.38,8.0,0.0014325055526569486
451000,2.5,5.5,8.0,0.0021928520873188972
451500,2.38,5.38,8.0,0.002803637646138668
452000,1.88,4.88,8.0,0.002910314127802849
452500,2.5,5.5,8.0,0.0022655280772596598
453000,2.75,5.75,8.0,0.00295938178896904
453500,2.62,5.62,8.0,0.0017205750336870551
454000,2.88,5.88,8.0,0.0024137517903000116
454500,2.75,5.75,8.0,0.003543045837432146
455000,2.62,5.62,8.0,0.003157055703923106
455500,2.25,5.25,8.0,0.0035113655030727386
456000,2.38,5.38,8.0,0.004708771128207445
456500,2.5,5.5,8.0,0.005579810589551926
457000,2.75,5.75,8.0,0.0025242373812943697
457500,2.25,5.25,8.0,0.004210882820188999
458000,2.88,5.88,8.0,0.0023471596650779247
458500,2.12,5.12,8.0,0.004756283480674028
459000,2.38,5.38,8.0,0.0014616749249398708
459500,2.0,5.0,8.0,0.0022284111473709345
460000,2.25,5.25,8.0,0.0016909838886931539
460500,2.12,5.12,8.0,0.0032990798354148865
461000,2.12,5.12,8.0,0.0012407285394147038
461500,2.62,5.62,8.0,0.0022840695455670357
462000,2.12,5.12,8.0,0.0014947311719879508
462500,3.0,6.0,8.0,0.0035590578336268663
463000,2.38,5.38,8.0,0.0015588252572342753
463500,3.25,6.25,8.0,0.0017779211048036814
464000,2.5,5.5,8.0,0.005291231907904148
464500,2.38,5.38,8.0,0.0024036047980189323
465000,2.88,5.88,8.0,0.004517335444688797
465500,3.0,6.0,8.0,0.0039528124034404755
466000,2.38,5.38,8.0,0.002096145413815975
466500,2.75,5.75,8.0,0.00712551549077034
467000,2.88,5.88,8.0,0.0022238288074731827
467500,2.62,5.62,8.0,0.00160279031842947
468000,2.38,5.38,8.0,0.0013022066559642553
468500,2.75,5.75,8.0,0.0022620875388383865
469000,2.5,5.5,8.0,0.003123150672763586
469500,2.25,5.25,8.0,0.00464355805888772
470000,2.62,5.62,8.0,0.0015219409251585603
470500,2.5,5.5,8.0,0.0018792140763252974
471000,2.62,5.62,8.0,0.00398287596181035
471500,2.5,5.5,8.0,0.0036978009156882763
472000,2.25,5.25,8.0,0.004209945909678936
472500,2.25,5.25,8.0,0.004043964669108391
473000,2.5,5.5,8.0,0.004140982870012522
473500,1.88,4.88,8.0,0.00175540242344141
474000,1.88,4.88,8.0,0.0014177932171151042
474500,2.62,5.62,8.0,0.0013871086994186044
475000,1.88,4.88,8.0,0.0020793748553842306
475500,2.12,5.12,8.0,0.003370794001966715
476000,2.25,5.25,8.0,0.0030414918437600136
476500,2.12,5.12,8.0,0.0020372928120195866
477000,2.0,5.0,8.0,0.0023470879532396793
477500,2.5,5.5,8.0,0.002885929076001048
478000,3.12,6.12,8.0,0.0031305719166994095
478500,2.38,5.38,8.0,0.0037301010452210903
479000,2.25,5.25,8.0,0.002106247004121542
479500,2.12,5.12,8.0,0.0026295981369912624
480000,2.12,5.12,8.0,0.002347700297832489
480500,2.62,5.62,8.0,0.0015624456573277712
481000,2.88,5.88,8.0,0.004338641185313463
481500,2.75,5.75,8.0,0.0026005012914538383
482000,3.12,6.12,8.0,0.0037872521206736565
482500,2.75,5.75,8.0,0.0024077813141047955
483000,2.5,5.5,8.0,0.002115630079060793
483500,2.25,5.25,8.0,0.003378674853593111
484000,2.62,5.62,8.0,0.004601017571985722
484500,2.88,5.88,8.0,0.004001137800514698
485000,2.25,5.25,8.0,0.00478243688121438
485500,2.12,5.12,8.0,0.0022288761101663113
486000,2.38,5.38,8.0,0.004457317758351564
486500,2.38,5.38,8.0,0.0022460774052888155
487000,2.62,5.62,8.0,0.004938927944749594
487500,3.0,6.0,8.0,0.006300788838416338
488000,2.25,5.25,8.0,0.003307458944618702
488500,2.25,5.25,8.0,0.0015331535832956433
489000,2.38,5.38,8.0,0.002503633964806795
489500,2.25,5.25,8.0,0.0045297532342374325
490000,2.88,5.88,8.0,0.0025487281382083893
490500,2.75,5.75,8.0,0.0034445151686668396
491000,2.38,5.38,8.0,0.00247819721698761
491500,3.25,6.25,8.0,0.004841255024075508
492000,2.88,5.88,8.0,0.0030345795676112175
492500,2.12,5.12,8.0,0.00250080693513155
493000,2.62,5.62,8.0,0.0024288203567266464
493500,2.88,5.88,8.0,0.003668390680104494
494000,2.5,5.5,8.0,0.005050366278737783
494500,2.38,5.38,8.0,0.005368964280933142
495000,2.38,5.38,8.0,0.0032640243880450726
495500,3.5,6.5,8.0,0.009191354736685753
496000,2.88,5.88,8.0,0.002016404177993536
496500,2.5,5.5,8.0,0.0030191540718078613
497000,2.88,5.88,8.0,0.0014946481678634882
497500,2.88,5.88,8.0,0.0017478250665590167
498000,3.0,6.0,8.0,0.002232042606920004
498500,2.12,5.12,8.0,0.0019401891622692347
499000,2.12,5.12,8.0,0.00126583781093359
499500,2.38,5.38,8.0,0.0017974977381527424
500000,2.5,5.5,8.0,0.0012578589376062155
500500,2.0,5.0,8.0,0.0019002112094312906
501000,2.25,5.25,8.0,0.0019036259036511183
501500,2.62,5.62,8.0,0.00404008524492383
502000,2.25,5.25,8.0,0.004587884061038494
502500,2.62,5.62,8.0,0.0033438969403505325
503000,2.75,5.75,8.0,0.004316478036344051
503500,2.38,5.38,8.0,0.00203848909586668
504000,2.62,5.62,8.0,0.0039304825477302074
504500,2.5,5.5,8.0,0.0018873626831918955
505000,2.12,5.12,8.0,0.003223042469471693
505500,2.75,5.75,8.0,0.0027689896523952484
506000,2.5,5.5,8.0,0.001908671809360385
506500,1.12,4.12,8.0,0.002217647386714816
507000,2.0,5.0,8.0,0.002141095232218504
507500,2.0,5.0,8.0,0.00449087331071496
508000,2.25,5.25,8.0,0.0024306040722876787
508500,2.0,5.0,8.0,0.0017703541088849306
509000,1.88,4.88,8.0,0.0015287169953808188
509500,2.12,5.12,8.0,0.0046653589233756065
510000,2.12,5.12,8.0,0.004741611424833536
510500,2.88,5.88,8.0,0.004750112071633339
511000,2.25,5.25,8.0,0.002875342732295394
511500,2.0,5.0,8.0,0.0020059177186340094
512000,2.62,5.62,8.0,0.004067056346684694
512500,3.38,6.38,8.0,0.0021699974313378334
513000,2.38,5.38,8.0,0.004299103282392025
513500,3.12,6.12,8.0,0.0026201200671494007
514000,1.88,4.88,8.0,0.0024030981585383415
514500,2.5,5.5,8.0,0.003982119262218475
515000,2.62,5.62,8.0,0.0034381868317723274
515500,2.25,5.25,8.0,0.003669657511636615
516000,3.12,6.12,8.0,0.003639377187937498
516500,2.38,5.38,8.0,0.0051792822778224945
517000,2.38,5.38,8.0,0.0074646929278969765
517500,2.5,5.5,8.0,0.004388574510812759
518000,3.0,6.0,8.0,0.0026633499655872583
518500,2.25,5.25,8.0,0.0032853479497134686
519000,3.5,6.5,8.0,0.002275547944009304
519500,3.12,6.12,8.0,0.0025349478237330914
520000,2.75,5.75,8.0,0.005208022426813841
520500,2.38,5.38,8.0,0.004336168058216572
521000,2.38,5.38,8.0,0.0024283428210765123
521500,2.25,5.25,8.0,0.004151997156441212
522000,2.0,5.0,8.0,0.0040307557210326195
522500,3.0,6.0,8.0,0.0028199132066220045
523000,3.0,6.0,8.0,0.0022470196709036827
523500,2.88,5.88,8.0,0.002762690419331193
524000,3.38,6.38,8.0,0.0030317583587020636
524500,2.38,5.38,8.0,0.002074905438348651
525000,3.12,6.12,8.0,0.0020636417903006077
525500,2.5,5.5,8.0,0.0019097167532891035
526000,2.62,5.62,8.0,0.0018190945265814662
526500,2.5,5.5,8.0,0.0023623229935765266
527000,2.5,5.5,8.0,0.001291339285671711
527500,2.75,5.75,8.0,0.0018529084045439959
528000,2.62,5.62,8.0,0.0019652261398732662
528500,2.12,5.12,8.0,0.001532557886093855
529000,2.75,5.75,8.0,0.0018500530859455466
529500,2.5,5.5,8.0,0.003893708810210228
530000,1.5,4.5,8.0,0.0012913765385746956
530500,2.12,5.12,8.0,0.0013728769263252616
531000,2.88,5.88,8.0,0.0035435399040579796
531500,3.0,6.0,8.0,0.0008806867990642786
532000,2.38,5.38,8.0,0.001479694969020784
532500,2.25,5.25,8.0,0.0026291548274457455
533000,2.62,5.62,8.0,0.003203660249710083
533500,2.38,5.38,8.0,0.0021869174670428038
534000,2.0,5.0,8.0,0.0036319373175501823
534500,2.75,5.75,8.0,0.0020666741766035557
535000,2.0,5.0,8.0,0.002044911263510585
535500,2.5,5.5,8.0,0.003252587281167507
536000,2.62,5.62,8.0,0.001546538551338017
536500,2.33,5.33,9.0,0.00535895861685276
537000,2.0,5.0,8.0,0.004387179855257273
537500,2.12,5.12,8.0,0.003095281310379505
538000,2.62,5.62,8.0,0.0022927450481802225
538500,2.0,5.0,8.0,0.0030753458850085735
539000,2.25,5.25,8.0,0.0023840717040002346
539500,2.12,5.12,8.0,0.003659243695437908
540000,2.38,5.38,8.0,0.002504275180399418
540500,2.12,5.12,8.0,0.004469964653253555
541000,2.88,5.88,8.0,0.0011185833718627691
541500,2.38,5.38,8.0,0.0023569902405142784
542000,2.25,5.25,8.0,0.003565654158592224
542500,2.38,5.38,8.0,0.0033845454454421997
543000,2.62,5.62,8.0,0.0030398631934076548
543500,2.0,5.0,8.0,0.0025735190138220787
544000,2.75,5.75,8.0,0.0024651801213622093
544500,2.62,5.62,8.0,0.004175881389528513
545000,2.25,5.25,8.0,0.0035750598181039095
545500,1.88,4.88,8.0,0.002924768952652812
546000,3.0,6.0,8.0,0.004730521235615015
546500,2.25,5.25,8.0,0.004291809629648924
547000,3.0,6.0,8.0,0.001387298572808504
547500,2.12,5.12,8.0,0.004159964621067047
548000,2.38,5.38,8.0,0.0017251454992219806
548500,2.25,5.25,8.0,0.0013123078970238566
549000,1.88,4.88,8.0,0.0029093266930431128
549500,2.88,5.88,8.0,0.003618811722844839
550000,2.75,5.75,8.0,0.0038569108583033085
550500,3.38,6.38,8.0,0.002640745136886835
551000,2.62,5.62,8.0,0.005549326539039612
551500,2.12,5.12,8.0,0.00421103136613965
552000,2.22,5.22,9.0,0.003953289240598679
552500,3.0,6.0,8.0,0.003322720993310213
553000,2.12,5.12,8.0,0.0027612498961389065
553500,2.0,5.0,8.0,0.002840678673237562
554000,2.12,5.12,8.0,0.0038724762853235006
554500,2.62,5.62,8.0,0.0031807851046323776
555000,2.88,5.88,8.0,0.003914036322385073
555500,3.62,6.62,8.0,0.003569601569324732
556000,2.38,5.38,8.0,0.002552676945924759
556500,2.75,5.75,8.0,0.005232737399637699
557000,2.25,5.25,8.0,0.0018401609268039465
557500,2.38,5.38,8.0,0.0015598528552800417
558000,2.5,5.5,8.0,0.006103022024035454
558500,2.25,5.25,8.0,0.003940882161259651
559000,2.5,5.5,8.0,0.0019280839478597045
559500,3.0,6.0,8.0,0.0013660192489624023
560000,2.38,5.38,8.0,0.0053838868625462055
560500,2.12,5.12,8.0,0.005711729172617197
561000,2.88,5.88,8.0,0.0016839572926983237
561500,2.0,5.0,8.0,0.002753848908469081
562000,2.75,5.75,8.0,0.0013988770078867674
562500,2.38,5.38,8.0,0.0020862077362835407
563000,2.62,5.62,8.0,0.0024113161489367485
563500,3.0,6.0,8.0,0.0032140356488525867
564000,2.38,5.38,8.0,0.0022437646985054016
564500,2.0,5.0,8.0,0.0014294423162937164
565000,2.5,5.5,8.0,0.0017029005102813244
565500,2.88,5.88,8.0,0.003798829857259989
566000,2.62,5.62,8.0,0.0015677211340516806
566500,3.0,6.0,8.0,0.006908411160111427
567000,2.5,5.5,8.0,0.002444616984575987
567500,2.12,5.12,8.0,0.003001280128955841
568000,2.5,5.5,8.0,0.002046993700787425
568500,2.62,5.62,8.0,0.0031761068385094404
569000,2.88,5.88,8.0,0.003808829002082348
569500,2.38,5.38,8.0,0.0057321880012750626
570000,2.88,5.88,8.0,0.004393505863845348
570500,3.12,6.12,8.0,0.002497329842299223
571000,2.38,5.38,8.0,0.006084685679525137
571500,3.12,6.12,8.0,0.0057236989960074425
572000,3.12,6.12,8.0,0.0027902850415557623
572500,2.5,5.5,8.0,0.003321161027997732
573000,3.5,6.5,8.0,0.003178591374307871
573500,2.25,5.25,8.0,0.0024338355287909508
574000,2.38,5.38,8.0,0.0031196223571896553
574500,3.0,6.0,8.0,0.004803534597158432
575000,1.75,4.75,8.0,0.004617729224264622
575500,2.75,5.75,8.0,0.005026411730796099
576000,2.5,5.5,8.0,0.006155733019113541
576500,2.5,5.5,8.0,0.004088761284947395
577000,2.38,5.38,8.0,0.0032414940651506186
577500,2.62,5.62,8.0,0.0036109560169279575
578000,2.38,5.38,8.0,0.004742666147649288
578500,2.5,5.5,8.0,0.0025713900104165077
579000,2.62,5.62,8.0,0.0029516364447772503
579500,2.62,5.62,8.0,0.002100594574585557
580000,2.12,5.12,8.0,0.0029338463209569454
580500,2.0,5.0,8.0,0.0015770262107253075
581000,2.38,5.38,8.0,0.0015930850058794022
581500,2.62,5.62,8.0,0.001613335800357163
582000,2.25,5.25,8.0,0.0021656814496964216
582500,2.38,5.38,8.0,0.002051756950095296
583000,2.12,5.12,8.0,0.0022031432017683983
583500,2.38,5.38,8.0,0.0028915833681821823
584000,2.88,5.88,8.0,0.001944035291671753
584500,2.12,5.12,8.0,0.0024706372059881687
585000,2.38,5.38,8.0,0.0019923634827136993
585500,2.5,5.5,8.0,0.004221857525408268
586000,2.0,5.0,8.0,0.003745261812582612
586500,2.62,5.62,8.0,0.0042655859142541885
587000,2.0,5.0,8.0,0.0027966885827481747
587500,2.5,5.5,8.0,0.0028280355036258698
588000,2.38,5.38,8.0,0.0024163469206541777
588500,2.88,5.88,8.0,0.002913207747042179
589000,2.75,5.75,8.0,0.0031625088304281235
589500,2.38,5.38,8.0,0.0025749029591679573
590000,2.75,5.75,8.0,0.0023007020354270935
590500,2.5,5.5,8.0,0.003581741824746132
591000,3.0,6.0,8.0,0.002072117989882827
591500,2.5,5.5,8.0,0.0027771317400038242
592000,2.38,5.38,8.0,0.0018243950325995684
592500,2.25,5.25,8.0,0.001991888741031289
593000,2.62,5.62,8.0,0.00266353995539248
593500,2.25,5.25,8.0,0.003070707665756345
594000,2.0,5.0,8.0,0.002552998485043645
594500,3.0,6.0,8.0,0.00311814877204597
595000,2.62,5.62,8.0,0.004113952629268169
595500,2.62,5.62,8.0,0.001425135531462729
596000,2.5,5.5,8.0,0.002720824209973216
596500,2.25,5.25,8.0,0.003187980270013213
597000,2.75,5.75,8.0,0.0045147547498345375
597500,2.75,5.75,8.0,0.0029126827139407396
598000,3.0,6.0,8.0,0.0016424632631242275
598500,2.12,5.12,8.0,0.00404130294919014
599000,3.12,6.12,8.0,0.002572786994278431
599500,2.62,5.62,8.0,0.00349163799546659
600000,2.88,5.88,8.0,0.0031450551468878984
